ID,Experience,Job Profile,Education,Salary,Got Bonus,Certification,College,Skills,Job Level
852,0,Consultant,High School,77376,No,No,Tier 2&3,Data Analyst,Low
834,0,Consultant,High School,78706,No,No,Tier 2&3,Data Analyst,Low
785,3,Consultant,High School,83554,No,No,Tier 2&3,Data Analyst,Low
762,6,Consultant,Bachelor's,85241,No,No,Tier 2&3,Data Analyst,Low
715,2,Consultant,High School,88756,No,No,Tier 2&3,Data Analyst,Low
702,1,Consultant,Bachelor's,89786,No,No,Tier 2&3,Data Analyst,Low
700,1,Consultant,High School,89961,No,No,Tier 2&3,Data Analyst,Low
697,2,Consultant,High School,90166,No,No,Tier 2&3,Data Analyst,Low
688,0,Consultant,Bachelor's,91100,No,No,Tier 2&3,Data Analyst,Low
10,30,Manager,PhD,154837,Yes,Yes,IIT,AI,High
668,1,Consultant,Bachelor's,92771,No,No,Tier 2&3,Data Analyst,Low
661,0,Consultant,Master's,93210,No,No,Tier 2&3,Data Analyst,Low
13,30,Manager,PhD,153730,Yes,Yes,IIT,AI,High
657,0,Consultant,PhD,93356,No,No,Tier 2&3,Data Analyst,Low
651,0,Consultant,High School,93910,No,No,Tier 2&3,Data Analyst,Low
632,3,Consultant,High School,95301,No,No,Tier 2&3,Data Analyst,Low
628,4,Consultant,High School,95476,No,No,Tier 2&3,Data Analyst,Low
624,3,Consultant,Bachelor's,95900,No,No,Tier 2&3,Data Analyst,Low
620,1,Consultant,Bachelor's,95931,No,No,Tier 2&3,Data Analyst,Low
618,3,Consultant,Master's,96171,No,No,Tier 2&3,Data Analyst,Low
616,7,Consultant,High School,96382,No,No,Tier 2&3,Data Analyst,Low
611,4,Consultant,Bachelor's,96816,No,No,Tier 2&3,Data Analyst,Low
23,28,Manager,PhD,147472,Yes,Yes,IIT,AI,High
24,27,Manager,Master's,147369,Yes,Yes,IIT,AI,High
608,2,Consultant,Bachelor's,97085,No,No,Tier 2&3,Data Analyst,Low
606,2,Consultant,Master's,97155,No,No,Tier 2&3,Data Analyst,Low
27,30,Manager,Master's,146941,Yes,Yes,IIT,AI,High
28,25,Manager,Master's,146501,Yes,Yes,IIT,AI,High
29,26,Manager,PhD,146065,Yes,Yes,IIT,AI,High
602,7,Consultant,High School,97378,No,No,Tier 2&3,Data Analyst,Low
598,2,Consultant,Bachelor's,97570,No,No,Tier 2&3,Data Analyst,Low
32,27,Manager,PhD,145157,Yes,Yes,IIT,AI,High
594,2,Consultant,Bachelor's,97636,No,No,Tier 2&3,Data Analyst,Low
34,27,Manager,PhD,144665,Yes,Yes,IIT,AI,High
35,28,Manager,PhD,144655,Yes,Yes,IIT,AI,High
36,27,Manager,PhD,144554,Yes,Yes,IIT,AI,High
37,29,Manager,Bachelor's,144532,Yes,Yes,IIT,AI,High
591,0,Consultant,Master's,97694,No,No,Tier 2&3,Data Analyst,Low
39,26,Consultant,PhD,143818,Yes,Yes,IIT,AI,High
581,2,Consultant,High School,98303,No,No,Tier 2&3,Data Analyst,Low
580,7,Consultant,Master's,98352,No,No,Tier 2&3,Data Analyst,Low
575,6,Consultant,Bachelor's,98628,No,No,Tier 2&3,Data Analyst,Low
567,10,Consultant,High School,98968,No,No,Tier 2&3,Data Analyst,Low
563,2,Consultant,Master's,99221,No,No,Tier 2&3,Data Analyst,Mid
45,27,Manager,Master's,142727,Yes,Yes,IIT,Data Science,High
558,7,Consultant,High School,99565,No,No,Tier 2&3,Data Analyst,Mid
556,2,Consultant,Master's,99678,No,No,Tier 2&3,Data Analyst,Mid
547,4,Manager,Bachelor's,100307,Yes,Yes,NIT,Data Engineering,Mid
49,27,Manager,Master's,142357,Yes,Yes,IIT,Data Science,High
541,11,Manager,High School,100560,Yes,Yes,NIT,Data Engineering,Mid
51,30,Consultant,Master's,142286,Yes,Yes,IIT,Data Science,High
52,30,Manager,High School,142283,Yes,Yes,IIT,Data Science,High
53,30,Manager,Master's,142059,Yes,Yes,IIT,Data Science,High
530,9,Manager,Bachelor's,101116,Yes,Yes,NIT,Data Engineering,Mid
55,26,Manager,Master's,141497,Yes,Yes,IIT,Data Science,High
56,24,Manager,PhD,141439,Yes,Yes,IIT,Data Science,High
527,1,Manager,Master's,101296,Yes,Yes,NIT,Data Engineering,Mid
526,8,Manager,High School,101415,Yes,Yes,NIT,Data Engineering,Mid
521,0,Manager,PhD,101705,Yes,Yes,NIT,Data Engineering,Mid
518,2,Manager,PhD,101854,Yes,Yes,NIT,Data Engineering,Mid
507,6,Manager,Master's,103354,Yes,Yes,NIT,Data Engineering,Mid
62,24,Manager,Master's,140722,Yes,Yes,IIT,Data Science,High
505,7,Manager,High School,103377,Yes,Yes,NIT,Data Engineering,Mid
502,7,Manager,Master's,103591,Yes,Yes,NIT,Data Engineering,Mid
491,2,Manager,Master's,104983,Yes,Yes,NIT,Data Engineering,Mid
482,12,Manager,High School,105519,Yes,Yes,NIT,Data Engineering,Mid
478,0,Manager,PhD,105672,Yes,Yes,NIT,Data Engineering,Mid
68,30,Consultant,Bachelor's,140166,Yes,Yes,IIT,Data Science,High
69,29,Consultant,PhD,140014,Yes,Yes,IIT,Data Science,High
70,28,Manager,Bachelor's,139970,Yes,Yes,IIT,Data Engineering,Mid
71,30,Consultant,Bachelor's,139595,Yes,Yes,IIT,Data Engineering,Mid
72,28,Consultant,Master's,139476,Yes,Yes,IIT,Data Engineering,Mid
73,24,Manager,PhD,139357,Yes,Yes,IIT,Data Engineering,Mid
74,26,Manager,PhD,139246,Yes,Yes,IIT,Data Engineering,Mid
475,11,Director,Bachelor's,105937,Yes,Yes,NIT,Data Engineering,Mid
76,29,Manager,PhD,138848,Yes,Yes,IIT,Data Engineering,Mid
469,9,Director,Bachelor's,106173,Yes,Yes,NIT,Data Engineering,Mid
466,1,Director,PhD,106241,Yes,Yes,NIT,Data Engineering,Mid
79,23,Manager,Bachelor's,138336,Yes,Yes,IIT,Data Engineering,Mid
464,12,Director,High School,106477,Yes,Yes,NIT,Data Engineering,Mid
81,28,Consultant,PhD,138302,Yes,Yes,IIT,Data Engineering,Mid
461,5,Director,PhD,106517,Yes,Yes,NIT,Data Engineering,Mid
460,9,Director,High School,106613,Yes,Yes,NIT,Data Engineering,Mid
84,30,Senior Analyst,PhD,137812,Yes,Yes,IIT,Data Engineering,Mid
85,28,Manager,Master's,137543,Yes,Yes,IIT,Data Engineering,Mid
86,27,Manager,Master's,137255,Yes,Yes,IIT,Data Engineering,Mid
87,28,Consultant,Bachelor's,136995,Yes,Yes,IIT,Data Engineering,Mid
458,5,Director,Bachelor's,106689,Yes,Yes,NIT,Data Engineering,Mid
89,25,Manager,Bachelor's,136952,Yes,Yes,IIT,Data Engineering,Mid
90,27,Consultant,Master's,136413,Yes,Yes,IIT,Data Engineering,Mid
457,11,Director,High School,106726,Yes,Yes,NIT,Data Engineering,Mid
92,27,Consultant,PhD,136236,Yes,Yes,IIT,Data Engineering,Mid
93,29,Consultant,PhD,136108,Yes,Yes,IIT,Data Engineering,Mid
454,0,Director,PhD,106780,Yes,Yes,NIT,Data Engineering,Mid
95,27,Manager,PhD,135963,Yes,Yes,IIT,Data Engineering,Mid
96,28,Consultant,PhD,135864,Yes,Yes,IIT,Data Engineering,Mid
97,28,Consultant,PhD,135625,Yes,Yes,IIT,Data Engineering,Mid
451,9,Director,Bachelor's,106973,Yes,Yes,NIT,Data Engineering,Mid
449,7,Director,Master's,107152,Yes,Yes,NIT,Data Engineering,Mid
100,27,Manager,Bachelor's,135359,Yes,Yes,IIT,Data Engineering,Mid
431,6,Director,PhD,107762,Yes,Yes,NIT,Data Engineering,Mid
102,25,Manager,PhD,134735,Yes,Yes,IIT,Data Engineering,Mid
103,28,Senior Analyst,PhD,134528,Yes,Yes,IIT,Data Engineering,Mid
423,3,Director,PhD,108191,Yes,Yes,NIT,Data Engineering,Mid
105,26,Manager,Master's,134489,Yes,Yes,IIT,Data Engineering,Mid
106,29,Consultant,Master's,134466,Yes,Yes,IIT,Data Engineering,Mid
107,21,Manager,PhD,134300,Yes,Yes,IIT,Data Engineering,Mid
108,30,Senior Analyst,PhD,134296,Yes,Yes,IIT,Data Engineering,Mid
109,22,Manager,PhD,133976,Yes,Yes,IIT,Data Engineering,Mid
110,29,Consultant,PhD,133942,Yes,Yes,IIT,Data Engineering,Mid
419,8,Director,Bachelor's,108643,Yes,Yes,IIT,Data Engineering,Mid
112,29,Manager,High School,133838,Yes,Yes,IIT,Data Engineering,Mid
415,8,Director,Bachelor's,108793,Yes,Yes,IIT,Data Engineering,Mid
114,23,Consultant,Master's,133734,Yes,Yes,IIT,Data Engineering,Mid
115,27,Consultant,PhD,133268,Yes,Yes,IIT,Data Engineering,Mid
116,22,Manager,Master's,133147,Yes,Yes,IIT,Data Engineering,Mid
403,11,Director,Master's,109802,Yes,Yes,IIT,Data Engineering,Mid
385,0,Director,PhD,111093,Yes,Yes,IIT,Data Engineering,Mid
119,24,Consultant,PhD,132768,Yes,Yes,IIT,Data Engineering,Mid
120,28,Consultant,Bachelor's,132584,Yes,Yes,IIT,Data Engineering,Mid
379,4,Director,PhD,111542,Yes,Yes,IIT,Data Engineering,Mid
376,8,Director,Bachelor's,111596,Yes,Yes,IIT,Data Engineering,Mid
123,23,Consultant,PhD,132261,Yes,Yes,IIT,Data Engineering,Mid
124,27,Manager,Bachelor's,132225,Yes,Yes,IIT,Data Engineering,Mid
125,28,Consultant,Master's,132181,Yes,Yes,IIT,Data Engineering,Mid
126,27,Consultant,PhD,132158,Yes,Yes,IIT,Data Engineering,Mid
372,4,Director,Master's,111828,Yes,Yes,IIT,Data Engineering,Mid
128,25,Consultant,Bachelor's,132036,Yes,Yes,IIT,Data Engineering,Mid
367,7,Director,Master's,112360,Yes,Yes,IIT,Data Engineering,Mid
130,25,Manager,Bachelor's,131562,Yes,Yes,IIT,Data Engineering,Mid
365,7,Director,Master's,112385,Yes,Yes,IIT,Data Engineering,Mid
132,21,Manager,PhD,131330,Yes,Yes,IIT,Data Engineering,Mid
364,2,Director,PhD,112417,Yes,Yes,IIT,Data Engineering,Mid
134,17,Manager,PhD,131275,Yes,Yes,IIT,Data Engineering,Mid
354,11,Director,Master's,112887,Yes,Yes,IIT,Data Engineering,Mid
136,29,Senior Analyst,Master's,131082,Yes,Yes,IIT,Data Engineering,Mid
137,22,Manager,Master's,131021,Yes,Yes,IIT,Data Engineering,Mid
138,29,Senior Analyst,PhD,130895,Yes,Yes,IIT,Data Engineering,Mid
139,26,Manager,High School,130803,Yes,Yes,IIT,Data Engineering,Mid
346,15,Director,High School,113167,Yes,Yes,IIT,Data Engineering,Mid
340,16,Director,High School,113403,Yes,Yes,IIT,Data Engineering,Mid
142,29,Senior Analyst,PhD,130230,Yes,Yes,IIT,Data Engineering,Mid
143,23,Manager,Bachelor's,130217,Yes,Yes,IIT,Data Engineering,Mid
144,27,Consultant,High School,129954,Yes,Yes,IIT,Data Engineering,Mid
145,25,Consultant,PhD,129908,Yes,Yes,IIT,Data Engineering,Mid
146,27,Consultant,Bachelor's,129751,Yes,Yes,IIT,Data Engineering,Mid
339,10,Director,High School,113443,Yes,Yes,IIT,Data Engineering,Mid
331,14,Director,Bachelor's,113800,Yes,Yes,IIT,Data Engineering,Mid
149,17,Manager,PhD,129381,Yes,Yes,IIT,Data Engineering,Mid
150,29,Consultant,High School,129353,Yes,Yes,IIT,Data Engineering,Mid
330,14,Director,High School,113813,Yes,Yes,IIT,Data Engineering,Mid
319,12,Director,High School,114435,Yes,Yes,IIT,Data Engineering,Mid
314,14,Director,Bachelor's,115086,Yes,Yes,IIT,Data Engineering,Mid
154,24,Manager,Master's,129027,Yes,Yes,IIT,Data Engineering,Mid
155,29,Senior Analyst,PhD,128997,Yes,Yes,IIT,Data Engineering,Mid
306,16,Director,High School,115485,Yes,Yes,IIT,Data Engineering,Mid
303,11,Director,Bachelor's,115660,Yes,Yes,IIT,Data Engineering,Mid
158,27,Senior Analyst,PhD,128725,Yes,Yes,IIT,Data Engineering,Mid
302,15,Director,High School,115788,Yes,Yes,IIT,Data Engineering,Mid
286,12,Director,High School,116486,Yes,Yes,IIT,Data Engineering,Mid
161,29,Senior Analyst,Bachelor's,128099,Yes,Yes,IIT,Data Engineering,Mid
281,13,Director,Master's,116672,Yes,Yes,IIT,Data Engineering,Mid
278,6,Director,PhD,116915,Yes,Yes,IIT,Data Engineering,Mid
164,25,Manager,Bachelor's,127678,Yes,Yes,IIT,Data Engineering,Mid
165,26,Manager,High School,127426,Yes,Yes,IIT,Data Engineering,Mid
166,27,Senior Analyst,Bachelor's,127367,Yes,Yes,IIT,Data Engineering,Mid
167,30,Consultant,Master's,127271,Yes,Yes,IIT,Data Engineering,Mid
168,25,Consultant,Master's,126929,Yes,Yes,IIT,Data Engineering,Mid
274,11,Director,Bachelor's,117337,Yes,Yes,IIT,Data Engineering,Mid
270,11,Director,PhD,118184,Yes,Yes,IIT,Data Engineering,Mid
267,10,Director,PhD,118457,Yes,Yes,IIT,Data Engineering,Mid
266,17,Director,High School,118620,Yes,Yes,IIT,Data Engineering,Mid
173,21,Manager,Bachelor's,126711,Yes,Yes,IIT,Data Engineering,Mid
174,23,Consultant,PhD,126709,Yes,Yes,IIT,Data Engineering,Mid
175,22,Manager,Master's,126364,Yes,Yes,IIT,Data Engineering,Mid
176,25,Consultant,Master's,126288,Yes,Yes,IIT,Data Engineering,Mid
257,13,Director,Master's,119484,Yes,Yes,IIT,Data Engineering,Mid
178,26,Manager,High School,126179,Yes,Yes,IIT,Data Engineering,Mid
252,16,Director,Bachelor's,119978,Yes,Yes,IIT,Data Engineering,Mid
251,6,Director,PhD,120050,Yes,Yes,IIT,Data Engineering,Mid
181,20,Manager,PhD,126089,Yes,Yes,IIT,Data Engineering,Mid
245,10,Director,PhD,120658,Yes,Yes,IIT,Data Engineering,Mid
244,13,Director,PhD,120674,Yes,Yes,IIT,Data Engineering,Mid
184,29,Consultant,Bachelor's,125867,Yes,Yes,IIT,Data Engineering,Mid
185,25,Consultant,Bachelor's,125710,Yes,Yes,IIT,Data Engineering,Mid
186,25,Manager,High School,125691,Yes,Yes,IIT,Data Engineering,Mid
232,20,Director,High School,121453,Yes,Yes,IIT,Data Engineering,Mid
188,28,Consultant,High School,125517,Yes,Yes,IIT,Data Engineering,Mid
227,18,Director,Bachelor's,121820,Yes,Yes,IIT,Data Engineering,Mid
226,10,Director,PhD,121821,Yes,Yes,IIT,Data Engineering,Mid
191,27,Consultant,High School,125046,Yes,Yes,IIT,Data Engineering,Mid
192,22,Consultant,PhD,125031,Yes,Yes,IIT,Data Engineering,Mid
193,22,Consultant,PhD,124909,Yes,Yes,IIT,Data Engineering,Mid
194,12,Manager,PhD,124682,Yes,Yes,IIT,Data Engineering,Mid
195,24,Consultant,Master's,124534,Yes,Yes,IIT,Data Engineering,Mid
196,27,Consultant,Bachelor's,124361,Yes,Yes,IIT,Data Engineering,Mid
197,27,Manager,High School,124299,Yes,Yes,IIT,Data Engineering,Mid
198,30,Senior Analyst,Master's,124257,Yes,Yes,IIT,Data Engineering,Mid
199,29,Senior Analyst,Master's,124245,Yes,Yes,IIT,Data Engineering,Mid
223,21,Director,High School,122489,Yes,Yes,IIT,Data Engineering,Mid
222,19,Director,Bachelor's,122506,Yes,Yes,IIT,Data Engineering,Mid
202,18,Consultant,PhD,123916,Yes,Yes,IIT,Data Engineering,Mid
203,30,Consultant,High School,123890,Yes,Yes,IIT,Data Engineering,Mid
217,19,Director,High School,122797,Yes,Yes,IIT,Data Engineering,Mid
214,15,Director,PhD,123272,Yes,Yes,IIT,Data Engineering,Mid
209,16,Director,Master's,123622,Yes,Yes,IIT,Data Engineering,Mid
207,12,Director,PhD,123755,Yes,Yes,IIT,Data Engineering,Mid
208,18,Manager,Master's,123681,Yes,Yes,IIT,Data Engineering,Mid
206,19,Director,Bachelor's,123778,Yes,Yes,IIT,Data Engineering,Mid
210,22,Manager,Bachelor's,123581,Yes,Yes,IIT,Data Engineering,Mid
211,28,Consultant,Bachelor's,123508,Yes,Yes,IIT,Data Engineering,Mid
212,25,Manager,High School,123488,Yes,Yes,IIT,Data Engineering,Mid
213,23,Consultant,Master's,123347,Yes,Yes,IIT,Data Engineering,Mid
205,19,Director,High School,123806,Yes,Yes,IIT,Data Engineering,Mid
215,21,Consultant,PhD,122948,Yes,Yes,IIT,Data Engineering,Mid
216,22,Consultant,Bachelor's,122817,Yes,Yes,IIT,Data Engineering,Mid
204,18,Director,Bachelor's,123830,Yes,Yes,IIT,Data Engineering,Mid
218,29,Senior Analyst,Bachelor's,122721,Yes,Yes,IIT,Data Engineering,Mid
219,26,Consultant,Bachelor's,122670,Yes,Yes,IIT,Data Engineering,Mid
220,30,Senior Analyst,Bachelor's,122660,Yes,Yes,IIT,Data Engineering,Mid
221,27,Senior Analyst,PhD,122637,Yes,Yes,IIT,Data Engineering,Mid
201,22,Director,High School,123931,Yes,Yes,IIT,Data Engineering,Mid
200,16,Director,PhD,124035,Yes,Yes,IIT,Data Engineering,Mid
224,20,Consultant,PhD,122126,Yes,Yes,IIT,Data Engineering,Mid
225,19,Manager,PhD,121974,Yes,Yes,IIT,Data Engineering,Mid
190,23,Director,High School,125427,Yes,Yes,IIT,Data Engineering,Mid
189,15,Director,PhD,125453,Yes,Yes,IIT,Data Engineering,Mid
228,29,Consultant,High School,121686,Yes,Yes,IIT,Data Engineering,Mid
229,28,Consultant,Bachelor's,121668,Yes,Yes,IIT,Data Engineering,Mid
230,22,Manager,Bachelor's,121484,Yes,Yes,IIT,Data Engineering,Mid
231,21,Consultant,PhD,121466,Yes,Yes,IIT,Data Engineering,Mid
187,22,Director,High School,125557,Yes,Yes,IIT,Data Engineering,Mid
233,27,Consultant,High School,121449,Yes,Yes,IIT,Data Engineering,Mid
234,15,Manager,PhD,121429,Yes,Yes,IIT,Data Engineering,Mid
235,26,Consultant,Bachelor's,121384,Yes,Yes,IIT,Data Engineering,Mid
236,21,Consultant,Master's,121248,Yes,Yes,IIT,Data Engineering,Mid
237,30,Analyst,PhD,121009,Yes,Yes,IIT,Data Engineering,Mid
238,20,Consultant,PhD,121008,Yes,Yes,IIT,Data Engineering,Mid
239,30,Analyst,Master's,120998,Yes,Yes,IIT,Data Engineering,Mid
240,12,Manager,PhD,120925,Yes,Yes,IIT,Data Engineering,Mid
241,26,Consultant,Bachelor's,120878,Yes,Yes,IIT,Data Engineering,Mid
242,19,Manager,Bachelor's,120811,Yes,Yes,IIT,Data Engineering,Mid
243,25,Consultant,High School,120688,Yes,Yes,IIT,Data Engineering,Mid
183,10,Director,Master's,125997,Yes,Yes,IIT,Data Engineering,Mid
182,16,Director,Master's,126084,Yes,Yes,IIT,Data Engineering,Mid
246,16,Manager,PhD,120604,Yes,Yes,IIT,Data Engineering,Mid
247,30,Consultant,High School,120579,Yes,Yes,IIT,Data Engineering,Mid
248,22,Manager,High School,120489,Yes,Yes,IIT,Data Engineering,Mid
249,18,Consultant,PhD,120268,Yes,Yes,IIT,Data Engineering,Mid
250,30,Senior Analyst,Master's,120229,Yes,Yes,IIT,Data Engineering,Mid
180,14,Director,Master's,126095,Yes,Yes,IIT,Data Engineering,Mid
179,9,Director,PhD,126108,Yes,Yes,IIT,Data Engineering,Mid
253,19,Consultant,PhD,119953,Yes,Yes,IIT,Data Engineering,Mid
254,30,Senior Analyst,Bachelor's,119933,Yes,Yes,IIT,Data Engineering,Mid
255,27,Senior Analyst,Master's,119868,Yes,Yes,IIT,Data Engineering,Mid
256,19,Manager,High School,119534,Yes,Yes,IIT,Data Engineering,Mid
177,15,Director,High School,126283,Yes,Yes,IIT,Data Engineering,Mid
258,18,Manager,Bachelor's,119181,Yes,Yes,IIT,Data Engineering,Mid
259,19,Manager,PhD,119108,Yes,Yes,IIT,Data Engineering,Mid
260,20,Consultant,PhD,119012,Yes,Yes,IIT,Data Engineering,Mid
261,29,Senior Analyst,Bachelor's,118923,Yes,Yes,IIT,Data Engineering,Mid
262,18,Manager,High School,118825,Yes,Yes,IIT,Data Engineering,Mid
263,25,Manager,High School,118749,Yes,Yes,IIT,Data Engineering,Mid
264,25,Senior Analyst,Master's,118722,Yes,Yes,IIT,Data Engineering,Mid
265,18,Manager,Master's,118645,Yes,Yes,IIT,Data Engineering,Mid
172,11,Director,Master's,126719,Yes,Yes,IIT,Data Engineering,Mid
171,20,Director,High School,126730,Yes,Yes,IIT,Data Engineering,Mid
268,26,Consultant,High School,118366,Yes,Yes,IIT,Data Engineering,Mid
269,23,Senior Analyst,PhD,118270,Yes,Yes,IIT,Data Engineering,Mid
170,20,Director,High School,126815,Yes,Yes,IIT,Data Engineering,Mid
271,24,Consultant,Bachelor's,117754,Yes,Yes,IIT,Data Engineering,Mid
272,18,Consultant,PhD,117724,Yes,Yes,IIT,Data Engineering,Mid
273,12,Manager,PhD,117656,Yes,Yes,IIT,Data Engineering,Mid
169,23,Director,High School,126854,Yes,Yes,IIT,Data Engineering,Mid
275,15,Manager,PhD,117186,Yes,Yes,IIT,Data Engineering,Mid
276,19,Consultant,Master's,117146,Yes,Yes,IIT,Data Engineering,Mid
277,24,Consultant,High School,117032,Yes,Yes,IIT,Data Engineering,Mid
163,16,Director,Master's,127831,Yes,Yes,IIT,Data Engineering,Mid
279,28,Senior Analyst,Master's,116912,Yes,Yes,IIT,Data Engineering,Mid
280,24,Consultant,Bachelor's,116899,Yes,Yes,IIT,Data Engineering,Mid
162,21,Director,Bachelor's,127983,Yes,Yes,IIT,Data Engineering,Mid
282,18,Consultant,PhD,116655,Yes,Yes,IIT,Data Engineering,Mid
283,22,Manager,Bachelor's,116613,Yes,Yes,IIT,Data Engineering,Mid
284,27,Senior Analyst,Bachelor's,116516,Yes,Yes,IIT,Data Engineering,Mid
285,10,Manager,PhD,116499,Yes,Yes,IIT,Data Engineering,Mid
160,19,Director,Bachelor's,128194,Yes,Yes,IIT,Data Engineering,Mid
287,25,Senior Analyst,Bachelor's,116459,Yes,Yes,IIT,Data Engineering,Mid
288,23,Consultant,Bachelor's,116431,Yes,Yes,IIT,Data Engineering,Mid
289,28,Senior Analyst,PhD,116332,Yes,Yes,IIT,Data Engineering,Mid
290,20,Manager,High School,116280,Yes,Yes,IIT,Data Engineering,Mid
291,24,Senior Analyst,PhD,116224,Yes,Yes,IIT,Data Engineering,Mid
292,23,Consultant,High School,116138,Yes,Yes,IIT,Data Engineering,Mid
293,29,Senior Analyst,High School,116092,Yes,Yes,IIT,Data Engineering,Mid
294,30,Senior Analyst,Bachelor's,116055,Yes,Yes,IIT,Data Engineering,Mid
295,20,Consultant,Master's,116041,Yes,Yes,IIT,Data Engineering,Mid
296,18,Manager,Master's,115954,Yes,Yes,IIT,Data Engineering,Mid
297,27,Consultant,High School,115928,Yes,Yes,IIT,Data Engineering,Mid
298,22,Consultant,Bachelor's,115856,Yes,Yes,IIT,Data Engineering,Mid
299,28,Senior Analyst,Master's,115849,Yes,Yes,IIT,Data Engineering,Mid
300,19,Consultant,PhD,115820,Yes,Yes,IIT,Data Engineering,Mid
301,25,Consultant,Master's,115798,Yes,Yes,IIT,Data Engineering,Mid
159,24,Director,High School,128703,Yes,Yes,IIT,Data Engineering,Mid
157,25,Director,High School,128791,Yes,Yes,IIT,Data Engineering,Mid
304,16,Manager,Master's,115532,Yes,Yes,IIT,Data Engineering,Mid
305,28,Senior Analyst,High School,115508,Yes,Yes,IIT,Data Engineering,Mid
156,21,Director,Bachelor's,128891,Yes,Yes,IIT,Data Engineering,Mid
307,30,Analyst,Bachelor's,115449,Yes,Yes,IIT,Data Engineering,Mid
308,13,Manager,Bachelor's,115411,Yes,Yes,IIT,Data Engineering,Mid
309,30,Analyst,PhD,115303,Yes,Yes,IIT,Data Engineering,Mid
310,29,Senior Analyst,High School,115278,Yes,Yes,IIT,Data Engineering,Mid
311,18,Manager,High School,115261,Yes,Yes,IIT,Data Engineering,Mid
312,29,Analyst,Bachelor's,115176,Yes,Yes,IIT,Data Engineering,Mid
313,22,Senior Analyst,PhD,115099,Yes,Yes,IIT,Data Engineering,Mid
153,19,Director,Bachelor's,129030,Yes,Yes,IIT,Data Engineering,Mid
315,13,Manager,Master's,114690,Yes,Yes,IIT,Data Engineering,Mid
316,20,Senior Analyst,PhD,114679,Yes,Yes,IIT,Data Engineering,Mid
317,27,Senior Analyst,Bachelor's,114573,Yes,Yes,IIT,Data Engineering,Mid
318,27,Consultant,High School,114505,Yes,Yes,IIT,Data Engineering,Mid
152,14,Director,PhD,129196,Yes,Yes,IIT,Data Engineering,Mid
320,29,Analyst,High School,114391,Yes,Yes,IIT,Data Engineering,Mid
321,20,Consultant,Bachelor's,114323,Yes,Yes,IIT,Data Engineering,Mid
322,25,Consultant,High School,114291,Yes,Yes,IIT,Data Engineering,Mid
323,26,Senior Analyst,Master's,114209,Yes,Yes,IIT,Data Engineering,Mid
324,19,Consultant,Bachelor's,114193,Yes,Yes,IIT,Data Engineering,Mid
325,20,Consultant,Bachelor's,114044,Yes,Yes,IIT,Data Engineering,Mid
326,18,Manager,PhD,114041,Yes,Yes,IIT,Data Engineering,Mid
327,26,Consultant,High School,113989,Yes,Yes,IIT,Data Engineering,Mid
328,13,Manager,Master's,113878,Yes,Yes,IIT,Data Engineering,Mid
329,21,Senior Analyst,Master's,113834,Yes,Yes,IIT,Data Engineering,Mid
151,18,Director,High School,129207,Yes,Yes,IIT,Data Engineering,Mid
148,21,Director,Bachelor's,129662,Yes,Yes,IIT,Data Engineering,Mid
332,27,Analyst,Master's,113740,Yes,Yes,IIT,Data Engineering,Mid
333,26,Senior Analyst,PhD,113724,Yes,Yes,IIT,Data Engineering,Mid
334,29,Analyst,Bachelor's,113677,Yes,Yes,IIT,Data Engineering,Mid
335,22,Consultant,PhD,113632,Yes,Yes,IIT,Data Engineering,Mid
336,21,Senior Analyst,PhD,113575,Yes,Yes,IIT,Data Engineering,Mid
337,24,Consultant,Bachelor's,113570,Yes,Yes,IIT,Data Engineering,Mid
338,29,Senior Analyst,Bachelor's,113475,Yes,Yes,IIT,Data Engineering,Mid
147,24,Director,High School,129725,Yes,Yes,IIT,Data Engineering,Mid
141,21,Director,High School,130372,Yes,Yes,IIT,Data Engineering,Mid
341,25,Consultant,Bachelor's,113369,Yes,Yes,IIT,Data Engineering,Mid
342,27,Consultant,Bachelor's,113350,Yes,Yes,IIT,Data Engineering,Mid
343,26,Analyst,Master's,113322,Yes,Yes,IIT,Data Engineering,Mid
344,27,Senior Analyst,Master's,113291,Yes,Yes,IIT,Data Engineering,Mid
345,24,Analyst,PhD,113283,Yes,Yes,IIT,Data Engineering,Mid
140,15,Director,Master's,130660,Yes,Yes,IIT,Data Engineering,Mid
347,16,Manager,Bachelor's,113149,Yes,Yes,IIT,Data Engineering,Mid
348,23,Consultant,Bachelor's,113123,Yes,Yes,IIT,Data Engineering,Mid
349,28,Analyst,Master's,113098,Yes,Yes,IIT,Data Engineering,Mid
350,27,Analyst,PhD,113074,Yes,Yes,IIT,Data Engineering,Mid
351,24,Senior Analyst,Master's,113071,Yes,Yes,IIT,Data Engineering,Mid
352,26,Consultant,High School,112975,Yes,Yes,IIT,Data Engineering,Mid
353,27,Senior Analyst,Bachelor's,112961,Yes,Yes,IIT,Data Engineering,Mid
135,18,Director,Master's,131204,Yes,Yes,IIT,Data Engineering,Mid
355,15,Consultant,PhD,112884,Yes,Yes,IIT,Data Engineering,Mid
356,23,Consultant,Master's,112761,Yes,Yes,IIT,Data Engineering,Mid
357,29,Senior Analyst,High School,112692,Yes,Yes,IIT,Data Engineering,Mid
358,28,Analyst,Master's,112650,Yes,Yes,IIT,Data Engineering,Mid
359,22,Analyst,PhD,112625,Yes,Yes,IIT,Data Engineering,Mid
360,16,Consultant,Master's,112572,Yes,Yes,IIT,Data Engineering,Mid
361,26,Senior Analyst,Master's,112570,Yes,Yes,IIT,Data Engineering,Mid
362,21,Consultant,Bachelor's,112563,Yes,Yes,IIT,Data Engineering,Mid
363,28,Analyst,Master's,112560,Yes,Yes,IIT,Data Engineering,Mid
133,25,Director,Bachelor's,131294,Yes,Yes,IIT,Data Engineering,Mid
131,17,Director,Bachelor's,131351,Yes,Yes,IIT,Data Engineering,Mid
366,28,Senior Analyst,High School,112373,Yes,Yes,IIT,Data Engineering,Mid
129,17,Director,Master's,131599,Yes,Yes,IIT,Data Engineering,Mid
368,27,Analyst,Master's,112307,Yes,Yes,IIT,Data Engineering,Mid
369,20,Consultant,Master's,112213,Yes,Yes,IIT,Data Engineering,Mid
370,27,Analyst,Master's,112171,Yes,Yes,IIT,Data Engineering,Mid
371,19,Consultant,PhD,111930,Yes,Yes,IIT,Data Engineering,Mid
127,16,Director,PhD,132050,Yes,Yes,IIT,Data Engineering,Mid
373,26,Analyst,PhD,111788,Yes,Yes,IIT,Data Engineering,Mid
374,22,Consultant,Master's,111682,Yes,Yes,IIT,Data Engineering,Mid
375,20,Senior Analyst,PhD,111596,Yes,Yes,IIT,Data Engineering,Mid
122,23,Director,High School,132323,Yes,Yes,IIT,Data Engineering,Mid
377,25,Senior Analyst,Master's,111577,Yes,Yes,IIT,Data Engineering,Mid
378,28,Analyst,PhD,111561,Yes,Yes,IIT,Data Engineering,Mid
121,15,Director,Master's,132390,Yes,Yes,IIT,Data Engineering,Mid
380,26,Analyst,Bachelor's,111504,Yes,Yes,IIT,Data Engineering,Mid
381,24,Senior Analyst,High School,111434,Yes,Yes,IIT,Data Engineering,Mid
382,29,Senior Analyst,High School,111376,Yes,Yes,IIT,Data Engineering,Mid
383,18,Senior Analyst,PhD,111299,Yes,Yes,IIT,Data Engineering,Mid
384,27,Analyst,PhD,111205,Yes,Yes,IIT,Data Engineering,Mid
118,20,Director,Bachelor's,132990,Yes,Yes,IIT,Data Engineering,Mid
386,21,Senior Analyst,PhD,111020,Yes,Yes,IIT,Data Engineering,Mid
387,19,Consultant,High School,110913,Yes,Yes,IIT,Data Engineering,Mid
388,27,Analyst,Master's,110836,Yes,Yes,IIT,Data Engineering,Mid
389,17,Manager,High School,110700,Yes,Yes,IIT,Data Engineering,Mid
390,21,Consultant,High School,110671,Yes,Yes,IIT,Data Engineering,Mid
391,28,Senior Analyst,High School,110634,Yes,Yes,IIT,Data Engineering,Mid
392,25,Analyst,Master's,110623,Yes,Yes,IIT,Data Engineering,Mid
393,15,Consultant,PhD,110584,Yes,Yes,IIT,Data Engineering,Mid
394,12,Manager,Bachelor's,110457,Yes,Yes,IIT,Data Engineering,Mid
395,14,Manager,Bachelor's,110376,Yes,Yes,IIT,Data Engineering,Mid
396,24,Senior Analyst,Master's,110299,Yes,Yes,IIT,Data Engineering,Mid
397,20,Consultant,Bachelor's,110243,Yes,Yes,IIT,Data Engineering,Mid
398,5,Manager,PhD,110208,Yes,Yes,IIT,Data Engineering,Mid
399,29,Analyst,Master's,110190,Yes,Yes,IIT,Data Engineering,Mid
400,16,Consultant,PhD,109927,Yes,Yes,IIT,Data Engineering,Mid
401,29,Analyst,PhD,109885,Yes,Yes,IIT,Data Engineering,Mid
402,14,Consultant,PhD,109836,Yes,Yes,IIT,Data Engineering,Mid
117,13,Director,PhD,133146,Yes,Yes,IIT,Data Engineering,Mid
404,20,Senior Analyst,PhD,109745,Yes,Yes,IIT,Data Engineering,Mid
405,19,Manager,High School,109708,Yes,Yes,IIT,Data Engineering,Mid
406,16,Consultant,PhD,109701,Yes,Yes,IIT,Data Engineering,Mid
407,27,Senior Analyst,Bachelor's,109464,Yes,Yes,IIT,Data Engineering,Mid
408,24,Analyst,Master's,109353,Yes,Yes,IIT,Data Engineering,Mid
409,14,Senior Analyst,PhD,109198,Yes,Yes,IIT,Data Engineering,Mid
410,9,Manager,PhD,109117,Yes,Yes,IIT,Data Engineering,Mid
411,16,Manager,Bachelor's,109089,Yes,Yes,IIT,Data Engineering,Mid
412,25,Analyst,PhD,109073,Yes,Yes,IIT,Data Engineering,Mid
413,18,Senior Analyst,PhD,109051,Yes,Yes,IIT,Data Engineering,Mid
414,25,Senior Analyst,PhD,109001,Yes,Yes,IIT,Data Engineering,Mid
113,24,Director,High School,133781,Yes,Yes,IIT,Data Engineering,Mid
416,25,Analyst,PhD,108770,Yes,Yes,IIT,Data Engineering,Mid
417,19,Consultant,High School,108711,Yes,Yes,IIT,Data Engineering,Mid
418,21,Senior Analyst,PhD,108667,Yes,Yes,IIT,Data Engineering,Mid
111,24,Director,Bachelor's,133905,Yes,Yes,IIT,Data Engineering,Mid
420,17,Manager,High School,108553,Yes,Yes,IIT,Data Engineering,Mid
421,11,Manager,Bachelor's,108446,Yes,Yes,IIT,Data Engineering,Mid
422,22,Senior Analyst,Master's,108316,Yes,Yes,NIT,Data Engineering,Mid
104,25,Director,High School,134507,Yes,Yes,IIT,Data Engineering,Mid
424,12,Manager,Master's,108157,Yes,Yes,NIT,Data Engineering,Mid
425,24,Analyst,PhD,108136,Yes,Yes,NIT,Data Engineering,Mid
426,21,Consultant,High School,108131,Yes,Yes,NIT,Data Engineering,Mid
427,23,Senior Analyst,High School,108058,Yes,Yes,NIT,Data Engineering,Mid
428,21,Consultant,Bachelor's,108027,Yes,Yes,NIT,Data Engineering,Mid
429,10,Manager,Bachelor's,107940,Yes,Yes,NIT,Data Engineering,Mid
430,17,Manager,Bachelor's,107896,Yes,Yes,NIT,Data Engineering,Mid
101,28,Director,High School,135009,Yes,Yes,IIT,Data Engineering,Mid
432,30,Analyst,Bachelor's,107594,Yes,Yes,NIT,Data Engineering,Mid
433,21,Senior Analyst,Master's,107565,Yes,Yes,NIT,Data Engineering,Mid
434,8,Manager,PhD,107559,Yes,Yes,NIT,Data Engineering,Mid
435,22,Senior Analyst,Bachelor's,107491,Yes,Yes,NIT,Data Engineering,Mid
436,16,Manager,High School,107488,Yes,Yes,NIT,Data Engineering,Mid
437,20,Senior Analyst,PhD,107482,Yes,Yes,NIT,Data Engineering,Mid
438,15,Consultant,PhD,107457,Yes,Yes,NIT,Data Engineering,Mid
439,7,Manager,Master's,107449,Yes,Yes,NIT,Data Engineering,Mid
440,19,Consultant,Bachelor's,107412,Yes,Yes,NIT,Data Engineering,Mid
441,26,Analyst,Master's,107405,Yes,Yes,NIT,Data Engineering,Mid
442,22,Senior Analyst,PhD,107394,Yes,Yes,NIT,Data Engineering,Mid
443,6,Manager,PhD,107389,Yes,Yes,NIT,Data Engineering,Mid
444,19,Consultant,Master's,107382,Yes,Yes,NIT,Data Engineering,Mid
445,21,Analyst,PhD,107376,Yes,Yes,NIT,Data Engineering,Mid
446,25,Senior Analyst,High School,107236,Yes,Yes,NIT,Data Engineering,Mid
447,12,Manager,Bachelor's,107193,Yes,Yes,NIT,Data Engineering,Mid
448,17,Consultant,Bachelor's,107172,Yes,Yes,NIT,Data Engineering,Mid
99,25,Director,High School,135423,Yes,Yes,IIT,Data Engineering,Mid
450,12,Manager,High School,107145,Yes,Yes,NIT,Data Engineering,Mid
98,23,Director,Master's,135451,Yes,Yes,IIT,Data Engineering,Mid
452,16,Consultant,PhD,106967,Yes,Yes,NIT,Data Engineering,Mid
453,27,Analyst,Master's,106879,Yes,Yes,NIT,Data Engineering,Mid
94,27,Director,High School,136028,Yes,Yes,IIT,Data Engineering,Mid
455,11,Manager,Bachelor's,106778,Yes,Yes,NIT,Data Engineering,Mid
456,26,Analyst,Master's,106753,Yes,Yes,NIT,Data Engineering,Mid
91,15,Director,PhD,136271,Yes,Yes,IIT,Data Engineering,Mid
88,22,Director,PhD,136981,Yes,Yes,IIT,Data Engineering,Mid
459,13,Consultant,PhD,106616,Yes,Yes,NIT,Data Engineering,Mid
83,21,Director,PhD,137884,Yes,Yes,IIT,Data Engineering,Mid
82,27,Director,High School,138245,Yes,Yes,IIT,Data Engineering,Mid
462,16,Consultant,PhD,106488,Yes,Yes,NIT,Data Engineering,Mid
463,21,Consultant,High School,106485,Yes,Yes,NIT,Data Engineering,Mid
80,24,Director,Bachelor's,138303,Yes,Yes,IIT,Data Engineering,Mid
465,29,Analyst,High School,106300,Yes,Yes,NIT,Data Engineering,Mid
78,19,Director,PhD,138481,Yes,Yes,IIT,Data Engineering,Mid
467,28,Analyst,Bachelor's,106230,Yes,Yes,NIT,Data Engineering,Mid
468,23,Analyst,Bachelor's,106214,Yes,Yes,NIT,Data Engineering,Mid
77,29,Director,High School,138813,Yes,Yes,IIT,Data Engineering,Mid
470,15,Manager,High School,106149,Yes,Yes,NIT,Data Engineering,Mid
471,22,Senior Analyst,Bachelor's,106041,Yes,Yes,NIT,Data Engineering,Mid
472,15,Consultant,Master's,106038,Yes,Yes,NIT,Data Engineering,Mid
473,24,Senior Analyst,Bachelor's,106038,Yes,Yes,NIT,Data Engineering,Mid
474,24,Senior Analyst,High School,105983,Yes,Yes,NIT,Data Engineering,Mid
75,30,Director,High School,139106,Yes,Yes,IIT,Data Engineering,Mid
476,15,Consultant,Master's,105743,Yes,Yes,NIT,Data Engineering,Mid
477,9,Manager,Master's,105682,Yes,Yes,NIT,Data Engineering,Mid
67,16,Director,PhD,140205,Yes,Yes,IIT,Data Science,High
479,6,Manager,Master's,105609,Yes,Yes,NIT,Data Engineering,Mid
480,14,Consultant,Master's,105535,Yes,Yes,NIT,Data Engineering,Mid
481,14,Consultant,PhD,105521,Yes,Yes,NIT,Data Engineering,Mid
66,20,Director,Master's,140255,Yes,Yes,IIT,Data Science,High
483,11,Consultant,PhD,105514,Yes,Yes,NIT,Data Engineering,Mid
484,19,Consultant,High School,105376,Yes,Yes,NIT,Data Engineering,Mid
485,9,Manager,PhD,105326,Yes,Yes,NIT,Data Engineering,Mid
486,17,Consultant,PhD,105258,Yes,Yes,NIT,Data Engineering,Mid
487,23,Senior Analyst,High School,105164,Yes,Yes,NIT,Data Engineering,Mid
488,13,Consultant,PhD,105157,Yes,Yes,NIT,Data Engineering,Mid
489,26,Senior Analyst,High School,105119,Yes,Yes,NIT,Data Engineering,Mid
490,29,Analyst,Bachelor's,105029,Yes,Yes,NIT,Data Engineering,Mid
65,21,Director,PhD,140520,Yes,Yes,IIT,Data Science,High
492,11,Manager,Bachelor's,104677,Yes,Yes,NIT,Data Engineering,Mid
493,23,Analyst,Master's,104282,Yes,Yes,NIT,Data Engineering,Mid
494,20,Senior Analyst,Master's,104168,Yes,Yes,NIT,Data Engineering,Mid
495,13,Manager,High School,104088,Yes,Yes,NIT,Data Engineering,Mid
496,21,Manager,High School,104047,Yes,Yes,NIT,Data Engineering,Mid
497,11,Manager,Bachelor's,103988,Yes,Yes,NIT,Data Engineering,Mid
498,24,Analyst,Master's,103924,Yes,Yes,NIT,Data Engineering,Mid
499,20,Senior Analyst,Bachelor's,103914,Yes,Yes,NIT,Data Engineering,Mid
500,17,Manager,High School,103815,Yes,Yes,NIT,Data Engineering,Mid
501,19,Senior Analyst,Bachelor's,103610,Yes,Yes,NIT,Data Engineering,Mid
64,27,Director,Master's,140557,Yes,Yes,IIT,Data Science,High
503,11,Manager,Bachelor's,103584,Yes,Yes,NIT,Data Engineering,Mid
504,27,Analyst,PhD,103420,Yes,Yes,NIT,Data Engineering,Mid
63,30,Director,High School,140611,Yes,Yes,IIT,Data Science,High
506,20,Consultant,Bachelor's,103361,Yes,Yes,NIT,Data Engineering,Mid
61,29,Director,High School,141232,Yes,Yes,IIT,Data Science,High
508,23,Analyst,PhD,103090,Yes,Yes,NIT,Data Engineering,Mid
509,11,Consultant,PhD,103068,Yes,Yes,NIT,Data Engineering,Mid
510,21,Senior Analyst,Master's,103003,Yes,Yes,NIT,Data Engineering,Mid
511,22,Senior Analyst,High School,102991,Yes,Yes,NIT,Data Engineering,Mid
512,19,Analyst,PhD,102809,Yes,Yes,NIT,Data Engineering,Mid
513,19,Consultant,High School,102578,Yes,Yes,NIT,Data Engineering,Mid
514,22,Analyst,PhD,102564,Yes,Yes,NIT,Data Engineering,Mid
515,29,Analyst,Bachelor's,102362,Yes,Yes,NIT,Data Engineering,Mid
516,15,Senior Analyst,Bachelor's,102172,Yes,Yes,NIT,Data Engineering,Mid
517,12,Consultant,PhD,101942,Yes,Yes,NIT,Data Engineering,Mid
60,28,Director,Bachelor's,141292,Yes,Yes,IIT,Data Science,High
519,8,Manager,PhD,101806,Yes,Yes,NIT,Data Engineering,Mid
520,28,Analyst,Bachelor's,101766,Yes,Yes,NIT,Data Engineering,Mid
59,20,Director,Master's,141348,Yes,Yes,IIT,Data Science,High
522,17,Senior Analyst,Master's,101618,Yes,Yes,NIT,Data Engineering,Mid
523,8,Manager,PhD,101483,Yes,Yes,NIT,Data Engineering,Mid
524,20,Senior Analyst,Master's,101463,Yes,Yes,NIT,Data Engineering,Mid
525,24,Senior Analyst,High School,101462,Yes,Yes,NIT,Data Engineering,Mid
58,24,Director,PhD,141383,Yes,Yes,IIT,Data Science,High
57,25,Director,Bachelor's,141399,Yes,Yes,IIT,Data Science,High
528,15,Manager,Bachelor's,101250,Yes,Yes,NIT,Data Engineering,Mid
529,27,Analyst,High School,101144,Yes,Yes,NIT,Data Engineering,Mid
54,22,Director,Master's,141899,Yes,Yes,IIT,Data Science,High
531,12,Manager,Bachelor's,101031,Yes,Yes,NIT,Data Engineering,Mid
532,16,Senior Analyst,PhD,100912,Yes,Yes,NIT,Data Engineering,Mid
533,22,Analyst,PhD,100825,Yes,Yes,NIT,Data Engineering,Mid
534,6,Manager,PhD,100815,Yes,Yes,NIT,Data Engineering,Mid
535,25,Analyst,Bachelor's,100749,Yes,Yes,NIT,Data Engineering,Mid
536,20,Analyst,PhD,100704,Yes,Yes,NIT,Data Engineering,Mid
537,24,Analyst,Master's,100697,Yes,Yes,NIT,Data Engineering,Mid
538,21,Senior Analyst,High School,100671,Yes,Yes,NIT,Data Engineering,Mid
539,2,Manager,PhD,100657,Yes,Yes,NIT,Data Engineering,Mid
540,18,Consultant,Bachelor's,100653,Yes,Yes,NIT,Data Engineering,Mid
50,23,Director,Master's,142289,Yes,Yes,IIT,Data Science,High
542,17,Manager,High School,100554,Yes,Yes,NIT,Data Engineering,Mid
543,10,Manager,High School,100422,Yes,Yes,NIT,Data Engineering,Mid
544,25,Analyst,High School,100355,Yes,Yes,NIT,Data Engineering,Mid
545,25,Analyst,Master's,100328,Yes,Yes,NIT,Data Engineering,Mid
546,29,Analyst,High School,100311,Yes,Yes,NIT,Data Engineering,Mid
48,22,Director,Master's,142410,Yes,Yes,IIT,Data Science,High
548,15,Senior Analyst,Master's,100303,Yes,Yes,NIT,Data Engineering,Mid
549,13,Senior Analyst,PhD,100005,Yes,Yes,NIT,Data Engineering,Mid
550,27,Analyst,High School,99986,No,No,Tier 2&3,Data Analyst,Mid
551,15,Consultant,Bachelor's,99975,No,No,Tier 2&3,Data Analyst,Mid
552,19,Senior Analyst,Master's,99962,No,No,Tier 2&3,Data Analyst,Mid
553,14,Consultant,Master's,99860,No,No,Tier 2&3,Data Analyst,Mid
554,23,Analyst,Bachelor's,99855,No,No,Tier 2&3,Data Analyst,Mid
555,14,Consultant,Bachelor's,99747,No,No,Tier 2&3,Data Analyst,Mid
47,23,Director,PhD,142472,Yes,Yes,IIT,Data Science,High
557,25,Senior Analyst,High School,99572,No,No,Tier 2&3,Data Analyst,Mid
46,20,Director,High School,142479,Yes,Yes,IIT,Data Science,High
559,25,Analyst,High School,99534,No,No,Tier 2&3,Data Analyst,Mid
560,18,Analyst,PhD,99417,No,No,Tier 2&3,Data Analyst,Mid
561,4,Manager,PhD,99408,No,No,Tier 2&3,Data Analyst,Mid
562,5,Consultant,PhD,99380,No,No,Tier 2&3,Data Analyst,Mid
44,19,Director,PhD,142784,Yes,Yes,IIT,Data Science,High
564,8,Consultant,PhD,99155,No,No,Tier 2&3,Data Analyst,Mid
565,21,Analyst,Master's,99130,No,No,Tier 2&3,Data Analyst,Low
566,17,Consultant,Bachelor's,99038,No,No,Tier 2&3,Data Analyst,Low
43,25,Director,PhD,142906,Yes,Yes,IIT,Data Science,High
568,12,Manager,High School,98890,No,No,Tier 2&3,Data Analyst,Low
569,14,Manager,High School,98786,No,No,Tier 2&3,Data Analyst,Low
570,29,Analyst,High School,98753,No,No,Tier 2&3,Data Analyst,Low
571,19,Senior Analyst,Master's,98750,No,No,Tier 2&3,Data Analyst,Low
572,7,Manager,Master's,98731,No,No,Tier 2&3,Data Analyst,Low
573,15,Consultant,Bachelor's,98689,No,No,Tier 2&3,Data Analyst,Low
574,18,Senior Analyst,Master's,98684,No,No,Tier 2&3,Data Analyst,Low
42,27,Director,Master's,143380,Yes,Yes,IIT,Data Science,High
576,16,Senior Analyst,Master's,98570,No,No,Tier 2&3,Data Analyst,Low
577,14,Analyst,PhD,98547,No,No,Tier 2&3,Data Analyst,Low
578,8,Manager,Master's,98433,No,No,Tier 2&3,Data Analyst,Low
579,15,Senior Analyst,PhD,98416,No,No,Tier 2&3,Data Analyst,Low
41,20,Director,PhD,143443,Yes,Yes,IIT,AI,High
40,23,Director,Master's,143558,Yes,Yes,IIT,AI,High
582,21,Senior Analyst,Bachelor's,98110,No,No,Tier 2&3,Data Analyst,Low
583,14,Senior Analyst,Master's,98015,No,No,Tier 2&3,Data Analyst,Low
584,22,Analyst,Bachelor's,97944,No,No,Tier 2&3,Data Analyst,Low
585,10,Consultant,PhD,97887,No,No,Tier 2&3,Data Analyst,Low
586,23,Senior Analyst,Bachelor's,97880,No,No,Tier 2&3,Data Analyst,Low
587,28,Analyst,High School,97828,No,No,Tier 2&3,Data Analyst,Low
588,11,Senior Analyst,PhD,97798,No,No,Tier 2&3,Data Analyst,Low
589,18,Senior Analyst,Master's,97761,No,No,Tier 2&3,Data Analyst,Low
590,16,Consultant,Bachelor's,97699,No,No,Tier 2&3,Data Analyst,Low
38,25,Director,PhD,144406,Yes,Yes,IIT,AI,High
592,26,Analyst,High School,97645,No,No,Tier 2&3,Data Analyst,Low
593,27,Analyst,High School,97640,No,No,Tier 2&3,Data Analyst,Low
33,23,Director,Master's,145064,Yes,Yes,IIT,AI,High
595,24,Analyst,Bachelor's,97612,No,No,Tier 2&3,Data Analyst,Low
596,7,Manager,PhD,97609,No,No,Tier 2&3,Data Analyst,Low
597,25,Analyst,Bachelor's,97607,No,No,Tier 2&3,Data Analyst,Low
31,18,Director,PhD,145637,Yes,Yes,IIT,AI,High
599,22,Analyst,PhD,97429,No,No,Tier 2&3,Data Analyst,Low
600,6,Manager,PhD,97390,No,No,Tier 2&3,Data Analyst,Low
601,24,Analyst,Master's,97384,No,No,Tier 2&3,Data Analyst,Low
30,25,Director,Bachelor's,145984,Yes,Yes,IIT,AI,High
603,1,Manager,PhD,97376,No,No,Tier 2&3,Data Analyst,Low
604,16,Consultant,Master's,97317,No,No,Tier 2&3,Data Analyst,Low
605,5,Manager,Master's,97178,No,No,Tier 2&3,Data Analyst,Low
26,23,Director,Master's,146976,Yes,Yes,IIT,AI,High
607,15,Senior Analyst,Master's,97137,No,No,Tier 2&3,Data Analyst,Low
25,26,Director,Master's,147155,Yes,Yes,IIT,AI,High
609,21,Analyst,Master's,97013,No,No,Tier 2&3,Data Analyst,Low
610,24,Analyst,Master's,97009,No,No,Tier 2&3,Data Analyst,Low
22,29,Director,Master's,147491,Yes,Yes,IIT,AI,High
612,12,Manager,Bachelor's,96780,No,No,Tier 2&3,Data Analyst,Low
613,23,Analyst,Bachelor's,96709,No,No,Tier 2&3,Data Analyst,Low
614,5,Manager,Bachelor's,96679,No,No,Tier 2&3,Data Analyst,Low
615,15,Senior Analyst,Master's,96526,No,No,Tier 2&3,Data Analyst,Low
21,23,Director,Master's,148399,Yes,Yes,IIT,AI,High
617,12,Consultant,Bachelor's,96243,No,No,Tier 2&3,Data Analyst,Low
20,29,Director,Master's,148718,Yes,Yes,IIT,AI,High
619,25,Analyst,High School,96058,No,No,Tier 2&3,Data Analyst,Low
19,28,Director,Bachelor's,148801,Yes,Yes,IIT,AI,High
621,6,Manager,Bachelor's,95918,No,No,Tier 2&3,Data Analyst,Low
622,24,Analyst,Bachelor's,95911,No,No,Tier 2&3,Data Analyst,Low
623,17,Consultant,Bachelor's,95910,No,No,Tier 2&3,Data Analyst,Low
18,25,Director,PhD,148914,Yes,Yes,IIT,AI,High
625,16,Analyst,PhD,95809,No,No,Tier 2&3,Data Analyst,Low
626,25,Analyst,Bachelor's,95723,No,No,Tier 2&3,Data Analyst,Low
627,10,Consultant,PhD,95670,No,No,Tier 2&3,Data Analyst,Low
17,29,Director,High School,149368,Yes,Yes,IIT,AI,High
629,14,Analyst,PhD,95467,No,No,Tier 2&3,Data Analyst,Low
630,13,Consultant,Bachelor's,95428,No,No,Tier 2&3,Data Analyst,Low
631,4,Consultant,PhD,95406,No,No,Tier 2&3,Data Analyst,Low
16,27,Director,High School,149644,Yes,Yes,IIT,AI,High
633,4,Consultant,PhD,95219,No,No,Tier 2&3,Data Analyst,Low
634,18,Senior Analyst,Bachelor's,95106,No,No,Tier 2&3,Data Analyst,Low
635,16,Consultant,High School,95030,No,No,Tier 2&3,Data Analyst,Low
636,16,Analyst,PhD,94988,No,No,Tier 2&3,Data Analyst,Low
637,25,Analyst,Bachelor's,94923,No,No,Tier 2&3,Data Analyst,Low
638,25,Analyst,Bachelor's,94883,No,No,Tier 2&3,Data Analyst,Low
639,2,Manager,PhD,94869,No,No,Tier 2&3,Data Analyst,Low
640,22,Analyst,Master's,94699,No,No,Tier 2&3,Data Analyst,Low
641,13,Consultant,High School,94432,No,No,Tier 2&3,Data Analyst,Low
642,9,Consultant,Master's,94383,No,No,Tier 2&3,Data Analyst,Low
643,18,Senior Analyst,High School,94330,No,No,Tier 2&3,Data Analyst,Low
644,4,Manager,Bachelor's,94239,No,No,Tier 2&3,Data Analyst,Low
645,20,Senior Analyst,High School,94213,No,No,Tier 2&3,Data Analyst,Low
646,13,Consultant,Bachelor's,94211,No,No,Tier 2&3,Data Analyst,Low
647,16,Analyst,PhD,94107,No,No,Tier 2&3,Data Analyst,Low
648,13,Manager,High School,94094,No,No,Tier 2&3,Data Analyst,Low
649,4,Consultant,PhD,94071,No,No,Tier 2&3,Data Analyst,Low
650,16,Consultant,High School,94029,No,No,Tier 2&3,Data Analyst,Low
15,28,Global Head,PhD,150426,Yes,Yes,IIT,AI,High
652,9,Manager,High School,93780,No,No,Tier 2&3,Data Analyst,Low
653,18,Senior Analyst,Master's,93746,No,No,Tier 2&3,Data Analyst,Low
654,19,Senior Analyst,Bachelor's,93704,No,No,Tier 2&3,Data Analyst,Low
655,8,Manager,High School,93641,No,No,Tier 2&3,Data Analyst,Low
656,8,Consultant,PhD,93566,No,No,Tier 2&3,Data Analyst,Low
14,30,Global Head,PhD,151437,Yes,Yes,IIT,AI,High
658,24,Analyst,Bachelor's,93289,No,No,Tier 2&3,Data Analyst,Low
659,12,Senior Analyst,Master's,93250,No,No,Tier 2&3,Data Analyst,Low
660,22,Analyst,Master's,93213,No,No,Tier 2&3,Data Analyst,Low
12,29,Global Head,Master's,153862,Yes,Yes,IIT,AI,High
662,13,Consultant,Bachelor's,93149,No,No,Tier 2&3,Data Analyst,Low
663,11,Senior Analyst,PhD,93138,No,No,Tier 2&3,Data Analyst,Low
664,3,Manager,Master's,93024,No,No,Tier 2&3,Data Analyst,Low
665,11,Senior Analyst,PhD,92924,No,No,Tier 2&3,Data Analyst,Low
666,14,Senior Analyst,PhD,92918,No,No,Tier 2&3,Data Analyst,Low
667,11,Consultant,Bachelor's,92902,No,No,Tier 2&3,Data Analyst,Low
11,27,Global Head,Master's,154239,Yes,Yes,IIT,AI,High
669,16,Senior Analyst,High School,92766,No,No,Tier 2&3,Data Analyst,Low
670,7,Manager,Bachelor's,92695,No,No,Tier 2&3,Data Analyst,Low
671,15,Consultant,Bachelor's,92641,No,No,Tier 2&3,Data Analyst,Low
672,6,Manager,High School,92326,No,No,Tier 2&3,Data Analyst,Low
673,1,Manager,Master's,92292,No,No,Tier 2&3,Data Analyst,Low
674,4,Manager,Bachelor's,92282,No,No,Tier 2&3,Data Analyst,Low
675,22,Analyst,High School,92273,No,No,Tier 2&3,Data Analyst,Low
676,11,Senior Analyst,Master's,92249,No,No,Tier 2&3,Data Analyst,Low
677,25,Analyst,Bachelor's,92175,No,No,Tier 2&3,Data Analyst,Low
678,11,Consultant,High School,92087,No,No,Tier 2&3,Data Analyst,Low
679,13,Senior Analyst,PhD,91980,No,No,Tier 2&3,Data Analyst,Low
680,14,Consultant,High School,91898,No,No,Tier 2&3,Data Analyst,Low
681,0,Manager,PhD,91862,No,No,Tier 2&3,Data Analyst,Low
682,8,Manager,High School,91807,No,No,Tier 2&3,Data Analyst,Low
683,20,Analyst,High School,91744,No,No,Tier 2&3,Data Analyst,Low
684,28,Analyst,Bachelor's,91375,No,No,Tier 2&3,Data Analyst,Low
685,13,Analyst,PhD,91270,No,No,Tier 2&3,Data Analyst,Low
686,17,Analyst,Master's,91218,No,No,Tier 2&3,Data Analyst,Low
687,14,Consultant,Bachelor's,91107,No,No,Tier 2&3,Data Analyst,Low
9,29,Global Head,PhD,154957,Yes,Yes,IIT,AI,High
689,21,Senior Analyst,High School,91054,No,No,Tier 2&3,Data Analyst,Low
690,21,Analyst,Bachelor's,91038,No,No,Tier 2&3,Data Analyst,Low
691,0,Manager,PhD,90847,No,No,Tier 2&3,Data Analyst,Low
692,2,Manager,Master's,90741,No,No,Tier 2&3,Data Analyst,Low
693,12,Consultant,Bachelor's,90638,No,No,Tier 2&3,Data Analyst,Low
694,12,Consultant,High School,90627,No,No,Tier 2&3,Data Analyst,Low
695,4,Manager,Master's,90213,No,No,Tier 2&3,Data Analyst,Low
696,16,Senior Analyst,Bachelor's,90186,No,No,Tier 2&3,Data Analyst,Low
8,29,Global Head,Bachelor's,155587,Yes,Yes,IIT,AI,High
698,0,Manager,PhD,90138,No,No,Tier 2&3,Data Analyst,Low
699,15,Senior Analyst,Bachelor's,89982,No,No,Tier 2&3,Data Analyst,Low
7,25,Global Head,PhD,155751,Yes,Yes,IIT,AI,High
701,15,Analyst,PhD,89920,No,No,Tier 2&3,Data Analyst,Low
6,28,Global Head,Master's,156138,Yes,Yes,IIT,AI,High
703,14,Analyst,PhD,89780,No,No,Tier 2&3,Data Analyst,Low
704,10,Consultant,High School,89631,No,No,Tier 2&3,Data Analyst,Low
705,12,Senior Analyst,Master's,89596,No,No,Tier 2&3,Data Analyst,Low
706,19,Analyst,Master's,89422,No,No,Tier 2&3,Data Analyst,Low
707,8,Consultant,Master's,89411,No,No,Tier 2&3,Data Analyst,Low
708,4,Manager,Bachelor's,89160,No,No,Tier 2&3,Data Analyst,Low
709,18,Analyst,Bachelor's,89117,No,No,Tier 2&3,Data Analyst,Low
710,2,Consultant,PhD,89060,No,No,Tier 2&3,Data Analyst,Low
711,15,Senior Analyst,High School,88964,No,No,Tier 2&3,Data Analyst,Low
712,15,Senior Analyst,Bachelor's,88931,No,No,Tier 2&3,Data Analyst,Low
713,6,Consultant,PhD,88918,No,No,Tier 2&3,Data Analyst,Low
714,12,Senior Analyst,PhD,88902,No,No,Tier 2&3,Data Analyst,Low
5,30,Global Head,Master's,158240,Yes,Yes,IIT,AI,High
716,11,Senior Analyst,Master's,88535,No,No,Tier 2&3,Data Analyst,Low
717,14,Senior Analyst,High School,88311,No,No,Tier 2&3,Data Analyst,Low
718,6,Manager,High School,88205,No,No,Tier 2&3,Data Analyst,Low
719,18,Analyst,Bachelor's,88086,No,No,Tier 2&3,Data Analyst,Low
720,9,Consultant,Master's,88033,No,No,Tier 2&3,Data Analyst,Low
721,3,Manager,PhD,88031,No,No,Tier 2&3,Data Analyst,Low
722,16,Senior Analyst,High School,87924,No,No,Tier 2&3,Data Analyst,Low
723,25,Analyst,High School,87859,No,No,Tier 2&3,Data Analyst,Low
724,17,Analyst,Bachelor's,87796,No,No,Tier 2&3,Data Analyst,Low
725,14,Senior Analyst,Bachelor's,87758,No,No,Tier 2&3,Data Analyst,Low
726,16,Senior Analyst,High School,87647,No,No,Tier 2&3,Data Analyst,Low
727,2,Manager,PhD,87634,No,No,Tier 2&3,Data Analyst,Low
728,14,Senior Analyst,High School,87517,No,No,Tier 2&3,Data Analyst,Low
729,8,Senior Analyst,PhD,87515,No,No,Tier 2&3,Data Analyst,Low
730,23,Analyst,High School,87483,No,No,Tier 2&3,Data Analyst,Low
731,11,Senior Analyst,Master's,87243,No,No,Tier 2&3,Data Analyst,Low
732,17,Analyst,Master's,87115,No,No,Tier 2&3,Data Analyst,Low
733,8,Consultant,Bachelor's,86935,No,No,Tier 2&3,Data Analyst,Low
734,14,Analyst,PhD,86910,No,No,Tier 2&3,Data Analyst,Low
735,6,Consultant,Master's,86816,No,No,Tier 2&3,Data Analyst,Low
736,1,Manager,Bachelor's,86784,No,No,Tier 2&3,Data Analyst,Low
737,18,Analyst,Bachelor's,86758,No,No,Tier 2&3,Data Analyst,Low
738,11,Senior Analyst,Master's,86739,No,No,Tier 2&3,Data Analyst,Low
739,17,Analyst,Master's,86632,No,No,Tier 2&3,Data Analyst,Low
740,9,Senior Analyst,Bachelor's,86594,No,No,Tier 2&3,Data Analyst,Low
741,0,Manager,Master's,86558,No,No,Tier 2&3,Data Analyst,Low
742,5,Consultant,Master's,86517,No,No,Tier 2&3,Data Analyst,Low
743,8,Manager,High School,86505,No,No,Tier 2&3,Data Analyst,Low
744,15,Senior Analyst,Bachelor's,86493,No,No,Tier 2&3,Data Analyst,Low
745,15,Analyst,Master's,86491,No,No,Tier 2&3,Data Analyst,Low
746,7,Manager,High School,86410,No,No,Tier 2&3,Data Analyst,Low
747,7,Consultant,High School,86234,No,No,Tier 2&3,Data Analyst,Low
748,1,Consultant,PhD,86187,No,No,Tier 2&3,Data Analyst,Low
749,9,Senior Analyst,Master's,86174,No,No,Tier 2&3,Data Analyst,Low
750,16,Analyst,Master's,86149,No,No,Tier 2&3,Data Analyst,Low
751,3,Manager,Bachelor's,86145,No,No,Tier 2&3,Data Analyst,Low
752,14,Analyst,Master's,85871,No,No,Tier 2&3,Data Analyst,Low
753,13,Senior Analyst,Bachelor's,85813,No,No,Tier 2&3,Data Analyst,Low
754,12,Consultant,High School,85750,No,No,Tier 2&3,Data Analyst,Low
755,4,Consultant,PhD,85598,No,No,Tier 2&3,Data Analyst,Low
756,25,Analyst,High School,85597,No,No,Tier 2&3,Data Analyst,Low
757,6,Consultant,PhD,85584,No,No,Tier 2&3,Data Analyst,Low
758,11,Senior Analyst,Master's,85562,No,No,Tier 2&3,Data Analyst,Low
759,5,Manager,High School,85535,No,No,Tier 2&3,Data Analyst,Low
760,2,Consultant,Bachelor's,85449,No,No,Tier 2&3,Data Analyst,Low
761,12,Manager,High School,85429,No,No,Tier 2&3,Data Analyst,Low
4,30,Global Head,Master's,158469,Yes,Yes,IIT,AI,High
763,0,Manager,Bachelor's,85191,No,No,Tier 2&3,Data Analyst,Low
764,20,Analyst,Bachelor's,85149,No,No,Tier 2&3,Data Analyst,Low
765,3,Manager,High School,85059,No,No,Tier 2&3,Data Analyst,Low
766,7,Senior Analyst,Master's,85053,No,No,Tier 2&3,Data Analyst,Low
767,0,Manager,PhD,85018,No,No,Tier 2&3,Data Analyst,Low
768,19,Analyst,Bachelor's,85008,No,No,Tier 2&3,Data Analyst,Low
769,13,Analyst,PhD,84995,No,No,Tier 2&3,Data Analyst,Low
770,8,Consultant,Bachelor's,84973,No,No,Tier 2&3,Data Analyst,Low
771,6,Consultant,High School,84844,No,No,Tier 2&3,Data Analyst,Low
772,11,Senior Analyst,High School,84841,No,No,Tier 2&3,Data Analyst,Low
773,4,Consultant,Bachelor's,84834,No,No,Tier 2&3,Data Analyst,Low
774,10,Consultant,High School,84511,No,No,Tier 2&3,Data Analyst,Low
775,8,Senior Analyst,PhD,84450,No,No,Tier 2&3,Data Analyst,Low
776,7,Consultant,Master's,84377,No,No,Tier 2&3,Data Analyst,Low
777,12,Senior Analyst,Master's,84178,No,No,Tier 2&3,Data Analyst,Low
778,12,Senior Analyst,High School,84010,No,No,Tier 2&3,Data Analyst,Low
779,3,Consultant,PhD,83940,No,No,Tier 2&3,Data Analyst,Low
780,15,Analyst,Master's,83922,No,No,Tier 2&3,Data Analyst,Low
781,2,Senior Analyst,PhD,83718,No,No,Tier 2&3,Data Analyst,Low
782,3,Manager,Master's,83715,No,No,Tier 2&3,Data Analyst,Low
783,6,Senior Analyst,PhD,83659,No,No,Tier 2&3,Data Analyst,Low
784,21,Analyst,High School,83648,No,No,Tier 2&3,Data Analyst,Low
3,29,Global Head,PhD,162177,Yes,Yes,IIT,AI,High
786,17,Analyst,High School,83378,No,No,Tier 2&3,Data Analyst,Low
787,14,Senior Analyst,Master's,83377,No,No,Tier 2&3,Data Analyst,Low
788,12,Analyst,PhD,83317,No,No,Tier 2&3,Data Analyst,Low
789,19,Analyst,High School,83277,No,No,Tier 2&3,Data Analyst,Low
790,6,Consultant,Bachelor's,83225,No,No,Tier 2&3,Data Analyst,Low
791,2,Manager,Bachelor's,83084,No,No,Tier 2&3,Data Analyst,Low
792,17,Analyst,Master's,83070,No,No,Tier 2&3,Data Analyst,Low
793,6,Consultant,Bachelor's,82939,No,No,Tier 2&3,Data Analyst,Low
794,17,Analyst,PhD,82933,No,No,Tier 2&3,Data Analyst,Low
795,3,Consultant,Master's,82788,No,No,Tier 2&3,Data Analyst,Low
796,0,Manager,PhD,82734,No,No,Tier 2&3,Data Analyst,Low
797,17,Senior Analyst,High School,82519,No,No,Tier 2&3,Data Analyst,Low
798,7,Senior Analyst,PhD,82493,No,No,Tier 2&3,Data Analyst,Low
799,18,Analyst,High School,82269,No,No,Tier 2&3,Data Analyst,Low
800,12,Consultant,High School,82212,No,No,Tier 2&3,Data Analyst,Low
801,5,Manager,High School,82138,No,No,Tier 2&3,Data Analyst,Low
802,11,Consultant,High School,82003,No,No,Tier 2&3,Data Analyst,Low
803,18,Analyst,Bachelor's,81959,No,No,Tier 2&3,Data Analyst,Low
804,5,Consultant,Bachelor's,81949,No,No,Tier 2&3,Data Analyst,Low
805,8,Senior Analyst,Bachelor's,81790,No,No,Tier 2&3,Data Analyst,Low
806,17,Analyst,Master's,81777,No,No,Tier 2&3,Data Analyst,Low
807,1,Consultant,PhD,81770,No,No,Tier 2&3,Data Analyst,Low
808,0,Manager,Bachelor's,81713,No,No,Tier 2&3,Data Analyst,Low
809,3,Manager,High School,81574,No,No,Tier 2&3,Data Analyst,Low
810,9,Consultant,Bachelor's,81561,No,No,Tier 2&3,Data Analyst,Low
811,17,Analyst,Bachelor's,81546,No,No,Tier 2&3,Data Analyst,Low
812,20,Analyst,High School,81357,No,No,Tier 2&3,Data Analyst,Low
813,6,Consultant,Bachelor's,81291,No,No,Tier 2&3,Data Analyst,Low
814,4,Senior Analyst,PhD,81154,No,No,Tier 2&3,Data Analyst,Low
815,13,Analyst,Master's,81144,No,No,Tier 2&3,Data Analyst,Low
816,3,Manager,High School,81049,No,No,Tier 2&3,Data Analyst,Low
817,18,Analyst,High School,80931,No,No,Tier 2&3,Data Analyst,Low
818,2,Manager,High School,80837,No,No,Tier 2&3,Data Analyst,Low
819,0,Manager,Master's,80660,No,No,Tier 2&3,Data Analyst,Low
820,11,Senior Analyst,Master's,80598,No,No,Tier 2&3,Data Analyst,Low
821,4,Manager,High School,80512,No,No,Tier 2&3,Data Analyst,Low
822,16,Analyst,High School,80332,No,No,Tier 2&3,Data Analyst,Low
823,10,Senior Analyst,Master's,80231,No,No,Tier 2&3,Data Analyst,Low
824,9,Senior Analyst,Master's,79900,No,No,Tier 2&3,Data Analyst,Low
825,3,Manager,Bachelor's,79665,No,No,Tier 2&3,Data Analyst,Low
826,20,Analyst,High School,79664,No,No,Tier 2&3,Data Analyst,Low
827,2,Senior Analyst,Master's,79554,No,No,Tier 2&3,Data Analyst,Low
828,8,Senior Analyst,PhD,79532,No,No,Tier 2&3,Data Analyst,Low
829,11,Consultant,High School,79195,No,No,Tier 2&3,Data Analyst,Low
830,1,Manager,High School,79163,No,No,Tier 2&3,Data Analyst,Low
831,15,Senior Analyst,High School,79090,No,No,Tier 2&3,Data Analyst,Low
832,12,Analyst,Master's,78954,No,No,Tier 2&3,Data Analyst,Low
833,15,Analyst,High School,78912,No,No,Tier 2&3,Data Analyst,Low
2,28,Global Head,PhD,164030,Yes,Yes,IIT,AI,High
835,0,Consultant,PhD,78628,No,No,Tier 2&3,Data Analyst,Low
836,20,Analyst,High School,78562,No,No,Tier 2&3,Data Analyst,Low
837,3,Consultant,Master's,78448,No,No,Tier 2&3,Data Analyst,Low
838,9,Senior Analyst,Bachelor's,78407,No,No,Tier 2&3,Data Analyst,Low
839,10,Senior Analyst,High School,78312,No,No,Tier 2&3,Data Analyst,Low
840,1,Consultant,Master's,78311,No,No,Tier 2&3,Data Analyst,Low
841,9,Senior Analyst,PhD,78260,No,No,Tier 2&3,Data Analyst,Low
842,8,Senior Analyst,High School,78101,No,No,Tier 2&3,Data Analyst,Low
843,2,Senior Analyst,PhD,77847,No,No,Tier 2&3,Data Analyst,Low
844,8,Analyst,PhD,77756,No,No,Tier 2&3,Data Analyst,Low
845,2,Consultant,Bachelor's,77681,No,No,Tier 2&3,Data Analyst,Low
846,7,Senior Analyst,PhD,77659,No,No,Tier 2&3,Data Analyst,Low
847,7,Senior Analyst,PhD,77599,No,No,Tier 2&3,Data Analyst,Low
848,3,Senior Analyst,PhD,77565,No,No,Tier 2&3,Data Analyst,Low
849,6,Senior Analyst,Master's,77431,No,No,Tier 2&3,Data Analyst,Low
850,6,Senior Analyst,Master's,77430,No,No,Tier 2&3,Data Analyst,Low
851,1,Consultant,High School,77411,No,No,Tier 2&3,Data Analyst,Low
1,30,Global Head,PhD,164711,Yes,Yes,IIT,AI,High
853,11,Analyst,Master's,77301,No,No,Tier 2&3,Data Analyst,Low
854,3,Senior Analyst,PhD,77258,No,No,Tier 2&3,Data Analyst,Low
855,15,Analyst,Bachelor's,77254,No,No,Tier 2&3,Data Analyst,Low
856,16,Analyst,High School,77219,No,No,Tier 2&3,Data Analyst,Low
857,10,Analyst,Master's,76900,No,No,Tier 2&3,Data Analyst,Low
858,6,Consultant,High School,76859,No,No,Tier 2&3,Data Analyst,Low
859,10,Senior Analyst,Bachelor's,76729,No,No,Tier 2&3,Data Analyst,Low
860,4,Consultant,PhD,76579,No,No,Tier 2&3,Data Analyst,Low
861,11,Analyst,PhD,76446,No,No,Tier 2&3,Data Analyst,Low
862,4,Senior Analyst,PhD,76223,No,No,Tier 2&3,Data Analyst,Low
863,8,Analyst,PhD,76127,No,No,Tier 2&3,Data Analyst,Low
864,4,Analyst,PhD,75980,No,No,Tier 2&3,Data Analyst,Low
865,9,Senior Analyst,Master's,75801,No,No,Tier 2&3,Data Analyst,Low
866,0,Manager,Bachelor's,75501,No,No,Tier 2&3,Data Analyst,Low
867,6,Senior Analyst,Master's,75413,No,No,Tier 2&3,Data Analyst,Low
868,10,Analyst,Master's,75346,No,No,Tier 2&3,Data Analyst,Low
869,3,Consultant,High School,75289,No,No,Tier 2&3,Data Analyst,Low
870,5,Senior Analyst,PhD,75283,No,No,Tier 2&3,Data Analyst,Low
871,11,Analyst,High School,74995,No,No,Tier 2&3,Data Analyst,Low
872,3,Consultant,High School,74865,No,No,Tier 2&3,Data Analyst,Low
873,1,Consultant,Bachelor's,74747,No,No,Tier 2&3,Data Analyst,Low
874,11,Analyst,Bachelor's,74465,No,No,Tier 2&3,Data Analyst,Low
875,5,Senior Analyst,Master's,74438,No,No,Tier 2&3,Data Analyst,Low
876,3,Consultant,Bachelor's,74373,No,No,Tier 2&3,Data Analyst,Low
877,9,Senior Analyst,Bachelor's,74222,No,No,Tier 2&3,HR,Low
878,11,Senior Analyst,High School,74146,No,No,Tier 2&3,HR,Low
879,2,Senior Analyst,PhD,73776,No,No,Tier 2&3,HR,Low
880,1,Consultant,Bachelor's,73458,No,No,Tier 2&3,HR,Low
881,11,Senior Analyst,Bachelor's,73412,No,No,Tier 2&3,HR,Low
882,15,Analyst,High School,73383,No,No,Tier 2&3,HR,Low
883,9,Analyst,High School,73229,No,No,Tier 2&3,HR,Low
884,1,Manager,High School,72933,No,No,Tier 2&3,HR,Low
885,5,Senior Analyst,High School,72698,No,No,Tier 2&3,HR,Low
886,4,Senior Analyst,High School,72411,No,No,Tier 2&3,HR,Low
887,0,Manager,High School,72195,No,No,Tier 2&3,HR,Low
888,8,Analyst,Master's,72096,No,No,Tier 2&3,HR,Low
889,14,Senior Analyst,High School,71881,No,No,Tier 2&3,HR,Low
890,8,Senior Analyst,Bachelor's,71816,No,No,Tier 2&3,HR,Low
891,9,Analyst,Master's,71800,No,No,Tier 2&3,HR,Low
892,9,Analyst,Bachelor's,71779,No,No,Tier 2&3,HR,Low
893,5,Consultant,High School,71721,No,No,Tier 2&3,HR,Low
894,2,Consultant,Bachelor's,71709,No,No,Tier 2&3,HR,Low
895,6,Analyst,PhD,71577,No,No,Tier 2&3,HR,Low
896,7,Analyst,PhD,71484,No,No,Tier 2&3,HR,Low
897,6,Analyst,Master's,71212,No,No,Tier 2&3,HR,Low
898,11,Analyst,Bachelor's,70725,No,No,Tier 2&3,HR,Low
899,7,Consultant,High School,70693,No,No,Tier 2&3,HR,Low
900,7,Senior Analyst,High School,70621,No,No,Tier 2&3,HR,Low
901,1,Senior Analyst,PhD,70320,No,No,Tier 2&3,HR,Low
902,8,Senior Analyst,High School,70159,No,No,Tier 2&3,HR,Low
903,9,Analyst,Bachelor's,69943,No,No,Tier 2&3,HR,Low
904,13,Analyst,High School,69795,No,No,Tier 2&3,HR,Low
905,3,Senior Analyst,Master's,69456,No,No,Tier 2&3,HR,Low
906,7,Analyst,Bachelor's,69418,No,No,Tier 2&3,HR,Low
907,2,Senior Analyst,Master's,69311,No,No,Tier 2&3,HR,Low
908,4,Consultant,Bachelor's,68602,No,No,Tier 2&3,HR,Low
909,2,Senior Analyst,Master's,68424,No,No,Tier 2&3,HR,Low
910,0,Senior Analyst,PhD,68057,No,No,Tier 2&3,HR,Low
911,4,Senior Analyst,High School,67668,No,No,Tier 2&3,HR,Low
912,12,Analyst,Bachelor's,67585,No,No,Tier 2&3,HR,Low
913,8,Analyst,Bachelor's,67443,No,No,Tier 2&3,HR,Low
914,7,Analyst,High School,67346,No,No,Tier 2&3,HR,Low
915,0,Senior Analyst,Bachelor's,66410,No,No,Tier 2&3,HR,Low
916,1,Analyst,PhD,65869,No,No,Tier 2&3,HR,Low
917,7,Senior Analyst,High School,65668,No,No,Tier 2&3,HR,Low
918,4,Senior Analyst,High School,65122,No,No,Tier 2&3,HR,Low
919,1,Consultant,High School,65115,No,No,Tier 2&3,HR,Low
920,0,Senior Analyst,PhD,64965,No,No,Tier 2&3,HR,Low
921,1,Analyst,PhD,64784,No,No,Tier 2&3,HR,Low
922,10,Analyst,Bachelor's,64631,No,No,Tier 2&3,HR,Low
923,0,Senior Analyst,High School,64573,No,No,Tier 2&3,HR,Low
924,5,Analyst,Master's,64563,No,No,Tier 2&3,HR,Low
925,4,Senior Analyst,Bachelor's,64403,No,No,Tier 2&3,HR,Low
926,5,Analyst,Master's,64295,No,No,Tier 2&3,HR,Low
927,4,Analyst,Bachelor's,64215,No,No,Tier 2&3,HR,Low
928,5,Analyst,Master's,64164,No,No,Tier 2&3,HR,Low
929,6,Senior Analyst,High School,63921,No,No,Tier 2&3,HR,Low
930,6,Senior Analyst,High School,63916,No,No,Tier 2&3,HR,Low
931,6,Analyst,Master's,63903,No,No,Tier 2&3,HR,Low
932,4,Senior Analyst,High School,63726,No,No,Tier 2&3,HR,Low
933,2,Consultant,High School,63679,No,No,Tier 2&3,HR,Low
934,5,Analyst,Master's,63250,No,No,Tier 2&3,HR,Low
935,0,Consultant,Bachelor's,63232,No,No,Tier 2&3,HR,Low
936,8,Analyst,High School,62893,No,No,Tier 2&3,HR,Low
937,9,Analyst,Bachelor's,62841,No,No,Tier 2&3,HR,Low
938,5,Senior Analyst,High School,62756,No,No,Tier 2&3,HR,Low
939,3,Senior Analyst,High School,62633,No,No,Tier 2&3,HR,Low
940,3,Consultant,High School,62539,No,No,Tier 2&3,HR,Low
941,7,Analyst,High School,62434,No,No,Tier 2&3,HR,Low
942,12,Senior Analyst,High School,62065,No,No,Tier 2&3,HR,Low
943,3,Analyst,PhD,61937,No,No,Tier 2&3,HR,Low
944,2,Analyst,PhD,61614,No,No,Tier 2&3,HR,Low
945,7,Analyst,Bachelor's,61598,No,No,Tier 2&3,HR,Low
946,3,Senior Analyst,Bachelor's,61477,No,No,Tier 2&3,HR,Low
947,4,Senior Analyst,High School,61412,No,No,Tier 2&3,HR,Low
948,2,Senior Analyst,High School,61349,No,No,Tier 2&3,HR,Low
949,0,Senior Analyst,Master's,61002,No,No,Tier 2&3,HR,Low
950,2,Analyst,Master's,60986,No,No,Tier 2&3,HR,Low
951,6,Analyst,High School,60978,No,No,Tier 2&3,HR,Low
952,6,Analyst,Bachelor's,60943,No,No,Tier 2&3,HR,Low
953,0,Senior Analyst,Bachelor's,60669,No,No,Tier 2&3,HR,Low
954,10,Analyst,High School,60575,No,No,Tier 2&3,HR,Low
955,2,Consultant,High School,60028,No,No,Tier 2&3,HR,Low
956,3,Senior Analyst,High School,59808,No,No,Tier 2&3,HR,Low
957,1,Senior Analyst,Bachelor's,59456,No,No,Tier 2&3,HR,Low
958,0,Senior Analyst,Bachelor's,59153,No,No,Tier 2&3,HR,Low
959,2,Analyst,Master's,58576,No,No,Tier 2&3,HR,Low
960,6,Analyst,Bachelor's,58505,No,No,Tier 2&3,HR,Low
961,7,Analyst,High School,58342,No,No,Tier 2&3,HR,Low
962,4,Senior Analyst,High School,58309,No,No,Tier 2&3,HR,Low
963,7,Analyst,High School,58143,No,No,Tier 2&3,HR,Low
964,4,Analyst,Master's,58038,No,No,Tier 2&3,HR,Low
965,5,Analyst,Bachelor's,57849,No,No,Tier 2&3,HR,Low
966,4,Analyst,High School,57813,No,No,Tier 2&3,HR,Low
967,0,Analyst,Master's,57757,No,No,Tier 2&3,HR,Low
968,4,Analyst,Bachelor's,57625,No,No,Tier 2&3,HR,Low
969,8,Analyst,High School,57359,No,No,Tier 2&3,HR,Low
970,0,Consultant,High School,56498,No,No,Tier 2&3,HR,Low
971,2,Consultant,High School,55881,No,No,Tier 2&3,HR,Low
972,5,Analyst,Bachelor's,55688,No,No,Tier 2&3,HR,Low
973,4,Analyst,Bachelor's,55555,No,No,Tier 2&3,HR,Low
974,2,Analyst,Bachelor's,55337,No,No,Tier 2&3,HR,Low
975,7,Analyst,High School,55138,No,No,Tier 2&3,HR,Low
976,1,Analyst,Bachelor's,55093,No,No,Tier 2&3,HR,Low
977,4,Senior Analyst,Bachelor's,54842,No,No,Tier 2&3,HR,Low
978,3,Analyst,High School,54790,No,No,Tier 2&3,HR,Low
979,2,Analyst,High School,54569,No,No,Tier 2&3,HR,Low
980,0,Analyst,Master's,54454,No,No,Tier 2&3,HR,Low
981,6,Analyst,High School,54272,No,No,Tier 2&3,HR,Low
982,2,Analyst,High School,54146,No,No,Tier 2&3,HR,Low
983,3,Analyst,High School,53919,No,No,Tier 2&3,HR,Low
984,3,Analyst,High School,53585,No,No,Tier 2&3,HR,Low
985,2,Analyst,High School,52923,No,No,Tier 2&3,HR,Low
986,2,Analyst,Master's,52310,No,No,Tier 2&3,HR,Low
987,4,Analyst,High School,51031,No,No,Tier 2&3,HR,Low
988,0,Analyst,Bachelor's,50448,No,No,Tier 2&3,HR,Low
989,2,Analyst,Bachelor's,48809,No,No,Tier 2&3,HR,Low
990,0,Analyst,Bachelor's,48026,No,No,Tier 2&3,HR,Low
991,0,Analyst,High School,47712,No,No,Tier 2&3,HR,Low
992,0,Analyst,Bachelor's,47557,No,No,Tier 2&3,HR,Low
993,0,Senior Analyst,Bachelor's,47034,No,No,Tier 2&3,HR,Low
994,1,Analyst,High School,46544,No,No,Tier 2&3,HR,Low
995,0,Analyst,Bachelor's,45648,No,No,Tier 2&3,HR,Low
996,1,Analyst,Bachelor's,44925,No,No,Tier 2&3,HR,Low
997,0,Analyst,Bachelor's,44577,No,No,Tier 2&3,HR,Low
998,0,Analyst,High School,43300,No,No,Tier 2&3,HR,Low
999,0,Analyst,High School,43204,No,No,Tier 2&3,HR,Low
1000,1,Analyst,High School,41964,No,No,Tier 2&3,HR,Low
